QALY,TotalCost
13.00918873761447,20387.99251922444
12.98869317288494,20134.854479162725
13.104904601529118,20441.318080384543
13.1803779843485,20253.427624144486
13.081607640710885,20488.35071077207
