QALY,TotalCost
10.273874949100573,18723.249384491384
10.186175393355407,18525.55706784145
