QALY,TotalCost,MD
24.01056509310396,5526.021847200137,-2.3366535013051855
