QALY,TotalCost
10.266512827675019,16936.730261716893
10.179092432127348,16593.06091349798
