QALY,TotalCost
10.276648233547702,18868.501651419923
10.18242647437326,18505.531419142168
