QALY,TotalCost
14.203253735966333,24031.0042365649
14.056252874785509,23739.21222182172
14.337545542682157,24539.877003556772
14.213406316945859,23976.626622749074
13.942180937111305,23314.089237292905
