QALY,TotalCost
14.6744836275208,18471.091609345694
14.52121325417673,18305.357225303967
14.831276532223358,18805.3550152941
14.676827523511134,18353.807696359538
14.412850651698681,17816.40033798506
