QALY,TotalCost
10.27549450244224,18927.377245406864
10.185725493070652,18566.783143531942
10.386146178018555,19134.966492588002
10.289032072131285,18727.70120869854
