QALY,TotalCost
10.271724474051453,18904.64601818277
10.189093669520032,18471.600200043635
10.386177413536037,19061.9719872444
10.286826238733997,18592.808068034174
