QALY,TotalCost
12.945516644745776,21941.59415499135
12.963366508113834,22069.73351794852
12.865438231822617,21521.61245256801
12.819918236919479,21675.20054781259
12.843566629792619,22228.41832916694
