QALY,TotalCost
10.273391976925879,18900.147339797495
10.190799517361388,18556.51339696593
10.390945048374586,19147.938372241948
10.284536191972187,18762.591436113278
10.113609534397268,18057.167440666493
