QALY,TotalCost
13.019070266915255,19011.90630696869
