QALY,TotalCost
12.77921251755754,20436.556339023537
12.782150057081562,20466.971819593913
12.698562957744844,19835.187851511986
12.656346846826466,20105.595707173128
12.662807106913327,20447.172642264293
