QALY,TotalCost,MD
24.036634187343324,5398.191051537447,-2.135781466218818
