QALY,TotalCost
12.379050920967295,19843.0536981195
12.322236881719114,19855.26464268266
12.197233033653244,19601.456334210074
12.33878844502894,19798.991122582353
12.245897672776417,19446.097254539676
