QALY,TotalCost,MD
23.701139002408514,6556.6527040031215,-4.361761242338419
