QALY,TotalCost,MD
23.61629973667407,7176.776621821866,-4.973910975647434
