QALY,TotalCost
13.218876786633706,21516.34608412613
13.272546769771344,21447.542188910316
13.16474462331351,20907.409806753752
13.13867137621919,21221.45694511408
13.163555918822336,21615.737400143826
