QALY,TotalCost
22.250414786168413,10966.759485647353
